source_path,file_type,area,intended_java_destination,port_status
src/AcceptanceTests/AIAgents/ApplicationChatAgentTests.cs,cs,workspace,review,deferred
src/AcceptanceTests/AIAgents/AutoReformatAgentTests.cs,cs,workspace,review,deferred
src/AcceptanceTests/AIAgents/SaturdayMowSchedulingAgentTests.cs,cs,workspace,review,deferred
src/AcceptanceTests/AcceptanceTestBase.cs,cs,workspace,review,deferred
src/AcceptanceTests/Api/ApiRateLimitingAcceptanceTests.cs,cs,workspace,review,deferred
src/AcceptanceTests/Api/DetailedHealthApiAcceptanceTests.cs,cs,workspace,review,deferred
src/AcceptanceTests/Api/EchoApiAcceptanceTests.cs,cs,workspace,review,deferred
src/AcceptanceTests/Api/FeatureFlagsApiAcceptanceTests.cs,cs,workspace,review,deferred
src/AcceptanceTests/Api/MetricsSummaryAcceptanceTests.cs,cs,workspace,review,deferred
src/AcceptanceTests/App/AiAgentPageTests.cs,cs,workspace,review,deferred
src/AcceptanceTests/App/ClientHealthCheckTests.cs,cs,workspace,review,deferred
src/AcceptanceTests/App/CopyrightFooterTests.cs,cs,workspace,review,deferred
src/AcceptanceTests/App/CounterTests.cs,cs,workspace,review,deferred
src/AcceptanceTests/App/DarkModeTests.cs,cs,workspace,review,deferred
src/AcceptanceTests/App/LandingPageTests.cs,cs,workspace,review,deferred
src/AcceptanceTests/App/NavMenuTests.cs,cs,workspace,review,deferred
src/AcceptanceTests/App/NavRailToggleTests.cs,cs,workspace,review,deferred
src/AcceptanceTests/App/NeedsRebootHealthCheckTests.cs,cs,workspace,review,deferred
src/AcceptanceTests/App/WarmUpTests.cs,cs,workspace,review,deferred
src/AcceptanceTests/Authentication/LoginTests.cs,cs,workspace,review,deferred
src/AcceptanceTests/Authentication/LogoutTests.cs,cs,workspace,review,deferred
src/AcceptanceTests/BlazorWasmWarmUp.cs,cs,workspace,review,deferred
src/AcceptanceTests/Extensions/DateTimeTestExtensions.cs,cs,workspace,review,deferred
src/AcceptanceTests/Extensions/DateTimeTestExtensionsTests.cs,cs,workspace,review,deferred
src/AcceptanceTests/McpServer/McpChatConversationTests.cs,cs,workspace,review,deferred
src/AcceptanceTests/McpServer/McpCreateWorkOrderInstructionsAcceptanceTests.cs,cs,workspace,review,deferred
src/AcceptanceTests/McpServer/McpGetWorkOrderInstructionsAcceptanceTests.cs,cs,workspace,review,deferred
src/AcceptanceTests/McpServer/McpHttpServerAcceptanceTests.cs,cs,workspace,review,deferred
src/AcceptanceTests/McpServer/McpListWorkOrdersAcceptanceTests.cs,cs,workspace,review,deferred
src/AcceptanceTests/McpServer/McpSaveWorkOrderAcceptanceTests.cs,cs,workspace,review,deferred
src/AcceptanceTests/McpServer/McpServerAcceptanceTests.cs,cs,workspace,review,deferred
src/AcceptanceTests/McpServer/McpServerLlmAcceptanceTests.cs,cs,workspace,review,deferred
src/AcceptanceTests/McpServer/McpTestHelper.cs,cs,workspace,review,deferred
src/AcceptanceTests/McpServer/McpWorkOrderLifecycleLlmTests.cs,cs,workspace,review,deferred
src/AcceptanceTests/McpServer/McpWorkOrderLifecycleTests.cs,cs,workspace,review,deferred
src/AcceptanceTests/NServiceBus/TracerBulletTests.cs,cs,workspace,review,deferred
src/AcceptanceTests/ProcessCleanupHelper.cs,cs,workspace,review,deferred
src/AcceptanceTests/Properties/AssemblyInfo.cs,cs,workspace,review,deferred
src/AcceptanceTests/ServerFixture.cs,cs,workspace,review,deferred
src/AcceptanceTests/TestHttpClientFactory.cs,cs,workspace,review,deferred
src/AcceptanceTests/Usings.cs,cs,workspace,review,deferred
src/AcceptanceTests/WorkOrders/WorkOrderAIChatTests.cs,cs,workspace,review,deferred
src/AcceptanceTests/WorkOrders/WorkOrderAssignTests.cs,cs,workspace,review,deferred
src/AcceptanceTests/WorkOrders/WorkOrderAttachmentTests.cs,cs,workspace,review,deferred
src/AcceptanceTests/WorkOrders/WorkOrderBeginTests.cs,cs,workspace,review,deferred
src/AcceptanceTests/WorkOrders/WorkOrderCancelTests.cs,cs,workspace,review,deferred
src/AcceptanceTests/WorkOrders/WorkOrderCompleteTests.cs,cs,workspace,review,deferred
src/AcceptanceTests/WorkOrders/WorkOrderDescriptionCharCountTests.cs,cs,workspace,review,deferred
src/AcceptanceTests/WorkOrders/WorkOrderDictationTests.cs,cs,workspace,review,deferred
src/AcceptanceTests/WorkOrders/WorkOrderDueDateTests.cs,cs,workspace,review,deferred
src/AcceptanceTests/WorkOrders/WorkOrderRoomNumberLengthTests.cs,cs,workspace,review,deferred
src/AcceptanceTests/WorkOrders/WorkOrderSaveDraftTests.cs,cs,workspace,review,deferred
src/AcceptanceTests/WorkOrders/WorkOrderSaveThenAssignPersistenceTests.cs,cs,workspace,review,deferred
src/AcceptanceTests/WorkOrders/WorkOrderSearchTests.cs,cs,workspace,review,deferred
src/AcceptanceTests/WorkOrders/WorkOrderShelvedTests.cs,cs,workspace,review,deferred
src/AcceptanceTests/WorkOrders/WorkOrderSpeechTests.cs,cs,workspace,review,deferred
src/AcceptanceTests/WorkOrders/WorkOrderStatusDashboardTests.cs,cs,workspace,review,deferred
src/ChurchBulletin.AppHost/AppHost.cs,cs,workspace,review,deferred
src/ChurchBulletin.ServiceDefaults/CorrelationIdConstants.cs,cs,workspace,review,deferred
src/ChurchBulletin.ServiceDefaults/CorrelationIdMiddleware.cs,cs,workspace,review,deferred
src/ChurchBulletin.ServiceDefaults/CorrelationIdMiddlewareExtensions.cs,cs,workspace,review,deferred
src/ChurchBulletin.ServiceDefaults/CorrelationIdResolver.cs,cs,workspace,review,deferred
src/ChurchBulletin.ServiceDefaults/EventEntry.cs,cs,workspace,review,deferred
src/ChurchBulletin.ServiceDefaults/Extensions.cs,cs,workspace,review,deferred
src/ChurchBulletin.ServiceDefaults/InternalsVisibleTo.cs,cs,workspace,review,deferred
src/ChurchBulletin.ServiceDefaults/LocalTelemetryFileWriter.cs,cs,workspace,review,deferred
src/ChurchBulletin.ServiceDefaults/LocalTelemetryLoggerProvider.cs,cs,workspace,review,deferred
src/ChurchBulletin.ServiceDefaults/LogEntry.cs,cs,workspace,review,deferred
src/ChurchBulletin.ServiceDefaults/LogEntryError.cs,cs,workspace,review,deferred
src/ChurchBulletin.ServiceDefaults/MetricEntry.cs,cs,workspace,review,deferred
src/ChurchBulletin.ServiceDefaults/SerilogExtensions.cs,cs,workspace,review,deferred
src/ChurchBulletin.ServiceDefaults/TelemetryFileMaintenance.cs,cs,workspace,review,deferred
src/ChurchBulletin.ServiceDefaults/TraceEntry.cs,cs,workspace,review,deferred
src/ChurchBulletin.ServiceDefaults/TraceEntryMapper.cs,cs,workspace,review,deferred
src/Core/ConfigurationModel.cs,cs,workspace,review,deferred
src/Core/ExcludeFromBusActivityAttribute.cs,cs,workspace,review,deferred
src/Core/HealthCheckRemotableRequest.cs,cs,workspace,review,deferred
src/Core/IBus.cs,cs,workspace,review,deferred
src/Core/IDatabaseConfiguration.cs,cs,workspace,review,deferred
src/Core/IDistributedBus.cs,cs,workspace,review,deferred
src/Core/IRemotableEvent.cs,cs,workspace,review,deferred
src/Core/IRemotableRequest.cs,cs,workspace,review,deferred
src/Core/Import/WorkOrderBulkImportCsvParser.cs,cs,workspace,review,deferred
src/Core/Import/WorkOrderBulkImportParseResult.cs,cs,workspace,review,deferred
src/Core/Import/WorkOrderBulkImportRow.cs,cs,workspace,review,deferred
src/Core/Messaging/WebServiceMessage.cs,cs,workspace,review,deferred
src/Core/Model/Constants/Roles.cs,cs,workspace,review,deferred
src/Core/Model/DueDateUrgency.cs,cs,workspace,review,deferred
src/Core/Model/Employee.cs,cs,workspace,review,deferred
src/Core/Model/EntityBase.cs,cs,workspace,review,deferred
src/Core/Model/Events/DatedWorkOrdersCreatedEvent.cs,cs,workspace,review,deferred
src/Core/Model/Events/IStateTransitionEvent.cs,cs,workspace,review,deferred
src/Core/Model/Events/UserLoggedInEvent.cs,cs,workspace,review,deferred
src/Core/Model/Events/WorkOrderAssignedToBotEvent.cs,cs,workspace,review,deferred
src/Core/Model/Messages/TracerBulletCommand.cs,cs,workspace,review,deferred
src/Core/Model/Messages/TracerBulletReplyMessage.cs,cs,workspace,review,deferred
src/Core/Model/Role.cs,cs,workspace,review,deferred
src/Core/Model/StateCommands/AddAttachmentMetadataCommand.cs,cs,workspace,review,deferred
src/Core/Model/StateCommands/AssignedToCancelledCommand.cs,cs,workspace,review,deferred
src/Core/Model/StateCommands/AssignedToInProgressCommand.cs,cs,workspace,review,deferred
src/Core/Model/StateCommands/CreateDatedWorkOrdersCommand.cs,cs,workspace,review,deferred
src/Core/Model/StateCommands/DraftToAssignedCommand.cs,cs,workspace,review,deferred
src/Core/Model/StateCommands/InProgressToAssignedCommand.cs,cs,workspace,review,deferred
src/Core/Model/StateCommands/InProgressToCompleteCommand.cs,cs,workspace,review,deferred
src/Core/Model/StateCommands/SaveDraftCommand.cs,cs,workspace,review,deferred
src/Core/Model/StateCommands/StateCommandBase.cs,cs,workspace,review,deferred
src/Core/Model/StateCommands/StateCommandResult.cs,cs,workspace,review,deferred
src/Core/Model/WeatherForecast.cs,cs,workspace,review,deferred
src/Core/Model/WorkOrder.cs,cs,workspace,review,deferred
src/Core/Model/WorkOrderAttachment.cs,cs,workspace,review,deferred
src/Core/Model/WorkOrderStatus.cs,cs,workspace,review,deferred
src/Core/Queries/ApplicationChatQuery.cs,cs,workspace,review,deferred
src/Core/Queries/EmployeeByUserNameQuery.cs,cs,workspace,review,deferred
src/Core/Queries/EmployeeGetAllQuery.cs,cs,workspace,review,deferred
src/Core/Queries/ForecastQuery.cs,cs,workspace,review,deferred
src/Core/Queries/WorkOrderAttachmentsQuery.cs,cs,workspace,review,deferred
src/Core/Queries/WorkOrderByNumberQuery.cs,cs,workspace,review,deferred
src/Core/Queries/WorkOrderCountByStatusQuery.cs,cs,workspace,review,deferred
src/Core/Queries/WorkOrderSpecificationQuery.cs,cs,workspace,review,deferred
src/Core/Services/ChurchTimeZone.cs,cs,workspace,review,deferred
src/Core/Services/DueDateUrgencyCalculator.cs,cs,workspace,review,deferred
src/Core/Services/IStateCommand.cs,cs,workspace,review,deferred
src/Core/Services/ITranslationService.cs,cs,workspace,review,deferred
src/Core/Services/IUserSession.cs,cs,workspace,review,deferred
src/Core/Services/IWorkOrderBuilder.cs,cs,workspace,review,deferred
src/Core/Services/IWorkOrderNumberGenerator.cs,cs,workspace,review,deferred
src/Core/Services/Impl/StateCommandList.cs,cs,workspace,review,deferred
src/Core/Services/Impl/WorkOrderBuilder.cs,cs,workspace,review,deferred
src/Core/Services/Impl/WorkOrderNumberGenerator.cs,cs,workspace,review,deferred
src/Core/Services/StateCommandContext.cs,cs,workspace,review,deferred
src/Core/Services/WorkOrderSearchSpecification.cs,cs,workspace,review,deferred
src/Core/Validation/ApplicationChatQueryValidator.cs,cs,workspace,review,deferred
src/Core/Validation/AssignedToCancelledCommandValidator.cs,cs,workspace,review,deferred
src/Core/Validation/AssignedToInProgressCommandValidator.cs,cs,workspace,review,deferred
src/Core/Validation/CreateDatedWorkOrdersCommandValidator.cs,cs,workspace,review,deferred
src/Core/Validation/DraftToAssignedCommandValidator.cs,cs,workspace,review,deferred
src/Core/Validation/EmployeeByUserNameQueryValidator.cs,cs,workspace,review,deferred
src/Core/Validation/ForecastQueryValidator.cs,cs,workspace,review,deferred
src/Core/Validation/HealthCheckRemotableRequestValidator.cs,cs,workspace,review,deferred
src/Core/Validation/InProgressToAssignedCommandValidator.cs,cs,workspace,review,deferred
src/Core/Validation/InProgressToCompleteCommandValidator.cs,cs,workspace,review,deferred
src/Core/Validation/SaveDraftCommandValidator.cs,cs,workspace,review,deferred
src/Core/Validation/UserLoggedInEventValidator.cs,cs,workspace,review,deferred
src/Core/Validation/WebServiceMessageValidator.cs,cs,workspace,review,deferred
src/Core/Validation/WorkOrderAttachmentsQueryValidator.cs,cs,workspace,review,deferred
src/Core/Validation/WorkOrderByNumberQueryValidator.cs,cs,workspace,review,deferred
src/Core/Validation/WorkOrderCountByStatusQueryValidator.cs,cs,workspace,review,deferred
src/Core/Validation/WorkOrderSpecificationQueryValidator.cs,cs,workspace,review,deferred
src/DataAccess/CanConnectToDatabaseHealthCheck.cs,cs,workspace,review,deferred
src/DataAccess/Handlers/AddAttachmentMetadataCommandHandler.cs,cs,workspace,review,deferred
src/DataAccess/Handlers/CreateDatedWorkOrdersHandler.cs,cs,workspace,review,deferred
src/DataAccess/Handlers/DatedWorkOrdersCreatedTelemetryHandler.cs,cs,workspace,review,deferred
src/DataAccess/Handlers/EmployeeQueryHandler.cs,cs,workspace,review,deferred
src/DataAccess/Handlers/ForecastQueryHandler.cs,cs,workspace,review,deferred
src/DataAccess/Handlers/StateCommandHandler.cs,cs,workspace,review,deferred
src/DataAccess/Handlers/TelemetryHandler.cs,cs,workspace,review,deferred
src/DataAccess/Handlers/WorkOrderAttachmentsQueryHandler.cs,cs,workspace,review,deferred
src/DataAccess/Handlers/WorkOrderCountByStatusQueryHandler.cs,cs,workspace,review,deferred
src/DataAccess/Handlers/WorkOrderQueryFilters.cs,cs,workspace,review,deferred
src/DataAccess/Handlers/WorkOrderQueryHandler.cs,cs,workspace,review,deferred
src/DataAccess/Handlers/WorkOrderSearchHandler.cs,cs,workspace,review,deferred
src/DataAccess/HealthCheckRemotableRequestHandler.cs,cs,workspace,review,deferred
src/DataAccess/InternalsVisibleTo.cs,cs,workspace,review,deferred
src/DataAccess/Mappings/DataContext.cs,cs,workspace,review,deferred
src/DataAccess/Mappings/EmployeeMap.cs,cs,workspace,review,deferred
src/DataAccess/Mappings/IEntityFrameworkMapping.cs,cs,workspace,review,deferred
src/DataAccess/Mappings/RoleMap.cs,cs,workspace,review,deferred
src/DataAccess/Mappings/WorkOrderAttachmentMap.cs,cs,workspace,review,deferred
src/DataAccess/Mappings/WorkOrderMap.cs,cs,workspace,review,deferred
src/DataAccess/Mappings/WorkOrderStatusConverter.cs,cs,workspace,review,deferred
src/DataAccess/Messaging/DistributedBus.cs,cs,workspace,review,deferred
src/DataAccess/Messaging/MessagingConventions.cs,cs,workspace,review,deferred
src/Database/Console/AbstractDatabaseCommand.cs,cs,workspace,review,deferred
src/Database/Console/BaselineDatabaseCommand.cs,cs,workspace,review,deferred
src/Database/Console/DatabaseConnectionStringBuilder.cs,cs,workspace,review,deferred
src/Database/Console/DatabaseOptions.cs,cs,workspace,review,deferred
src/Database/Console/DatabaseRebuildSteps.cs,cs,workspace,review,deferred
src/Database/Console/DatabaseUpgradeLogSelector.cs,cs,workspace,review,deferred
src/Database/Console/NullUpgradeLog.cs,cs,workspace,review,deferred
src/Database/Console/QuietLog.cs,cs,workspace,review,deferred
src/Database/Console/RebuildDatabaseCommand.cs,cs,workspace,review,deferred
src/Database/Console/ScriptBaselineMarker.cs,cs,workspace,review,deferred
src/Database/Console/UpdateDatabaseCommand.cs,cs,workspace,review,deferred
src/Database/Program.cs,cs,workspace,review,deferred
src/Database/scripts/Update/001-first-script.sql,sql,workspace,review,deferred
src/Database/scripts/Update/003-WorkOrderAndEmployeeTables.sql,sql,workspace,review,deferred
src/Database/scripts/Update/004_RenameConstraintsToGoodNames.sql,sql,workspace,review,deferred
src/Database/scripts/Update/005_AddedWorkOrderNumber.sql,sql,workspace,review,deferred
src/Database/scripts/Update/006_MakeAssigneeNullable.sql,sql,workspace,review,deferred
src/Database/scripts/Update/007_ChangeStatusToChar.sql,sql,workspace,review,deferred
src/Database/scripts/Update/008_AddSomeEmployeeRecords.sql,sql,workspace,review,deferred
src/Database/scripts/Update/009_AddAuditEntry.sql,sql,workspace,review,deferred
src/Database/scripts/Update/010_AddRole.sql,sql,workspace,review,deferred
src/Database/scripts/Update/011_EmployeeRolesTable.sql,sql,workspace,review,deferred
src/Database/scripts/Update/012_ManagerSecretary.sql,sql,workspace,review,deferred
src/Database/scripts/Update/013_SecretaryColumn.sql,sql,workspace,review,deferred
src/Database/scripts/Update/014_MergingEmployees.sql,sql,workspace,review,deferred
src/Database/scripts/Update/015_RemovedAuditEntriesSecretaryManager.sql,sql,workspace,review,deferred
src/Database/scripts/Update/016_AddRoomNumberToWorkOrder.sql,sql,workspace,review,deferred
src/Database/scripts/Update/017_AddAuditEntryTable.sql,sql,workspace,review,deferred
src/Database/scripts/Update/017_AddCreatedDateAndCompletedDateToWorkOrder.sql,sql,workspace,review,deferred
src/Database/scripts/Update/018_AddAssignedDateToWorkOrder.sql,sql,workspace,review,deferred
src/Database/scripts/Update/019_ChangeRoomNumberFromIntToString.sql,sql,workspace,review,deferred
src/Database/scripts/Update/020_DropAuditEntry.sql,sql,workspace,review,deferred
src/Database/scripts/Update/021_ExtendWorkOrderNumberLength.sql,sql,workspace,review,deferred
src/Database/scripts/Update/022_CreateNServiceBusSchema.sql,sql,workspace,review,deferred
src/Database/scripts/Update/023_MigrateCancelledWorkOrders.sql,sql,workspace,review,deferred
src/Database/scripts/Update/024_ExtendWorkOrderTitleLength.sql,sql,workspace,review,deferred
src/Database/scripts/Update/025_AddWorkOrderAttachmentTable.sql,sql,workspace,review,deferred
src/Database/scripts/Update/026_AddPreferredLanguageToEmployee.sql,sql,workspace,review,deferred
src/Database/scripts/Update/027_UpdateWorkOrderDFTDRT.sql,sql,workspace,review,deferred
src/Database/scripts/Update/028_AddInstructionsToWorkOrder.sql,sql,workspace,review,deferred
src/Database/scripts/Update/029_ExtendWorkOrderRoomNumberLength.sql,sql,workspace,review,deferred
src/Database/scripts/Update/030_AddDueDateToWorkOrder.sql,sql,workspace,review,deferred
src/Database/scripts/Update/031_ExtendEmployeeLastNameLength.sql,sql,workspace,review,deferred
src/IntegrationTests/Api/DetailedHealthCheckEndpointIntegrationTests.cs,cs,workspace,review,deferred
src/IntegrationTests/Api/DetailedHealthEndpointIntegrationTests.cs,cs,workspace,review,deferred
src/IntegrationTests/Api/DetailedHealthWebApplicationFactory.cs,cs,workspace,review,deferred
src/IntegrationTests/Api/DiagnosticsApiKeyProtectedWebApplicationFactory.cs,cs,workspace,review,deferred
src/IntegrationTests/Api/DiagnosticsEndpointIntegrationTests.cs,cs,workspace,review,deferred
src/IntegrationTests/Api/DiagnosticsWebApplicationFactory.cs,cs,workspace,review,deferred
src/IntegrationTests/Api/EchoEndpointIntegrationTests.cs,cs,workspace,review,deferred
src/IntegrationTests/Api/EnvironmentStatusEndpointIntegrationTests.cs,cs,workspace,review,deferred
src/IntegrationTests/Api/FeatureFlagsEndpointIntegrationTests.cs,cs,workspace,review,deferred
src/IntegrationTests/Api/GrpcWebApplicationFactory.cs,cs,workspace,review,deferred
src/IntegrationTests/Api/GrpcWorkOrderIntegrationTests.cs,cs,workspace,review,deferred
src/IntegrationTests/Api/MetricsSummaryEndpointIntegrationTests.cs,cs,workspace,review,deferred
src/IntegrationTests/Api/PingEndpointIntegrationTests.cs,cs,workspace,review,deferred
src/IntegrationTests/Api/RealtimeNotificationWebSocketIntegrationTests.cs,cs,workspace,review,deferred
src/IntegrationTests/Api/TimestampConverterEndpointIntegrationTests.cs,cs,workspace,review,deferred
src/IntegrationTests/Api/ToolsDueDateCheckEndpointIntegrationTests.cs,cs,workspace,review,deferred
src/IntegrationTests/Api/ToolsGuidGeneratorEndpointIntegrationTests.cs,cs,workspace,review,deferred
src/IntegrationTests/Api/ToolsHashEndpointIntegrationTests.cs,cs,workspace,review,deferred
src/IntegrationTests/Api/ToolsRandomEndpointIntegrationTests.cs,cs,workspace,review,deferred
src/IntegrationTests/Api/ToolsWordCountEndpointIntegrationTests.cs,cs,workspace,review,deferred
src/IntegrationTests/Api/ToolsWorkOrderStatusesEndpointIntegrationTests.cs,cs,workspace,review,deferred
src/IntegrationTests/Api/VersionEndpointIntegrationTests.cs,cs,workspace,review,deferred
src/IntegrationTests/Api/WorkOrdersBulkImportIntegrationTests.cs,cs,workspace,review,deferred
src/IntegrationTests/Api/WorkOrdersBulkImportWebApplicationFactory.cs,cs,workspace,review,deferred
src/IntegrationTests/BuildGates/CrapGateScriptTests.cs,cs,workspace,review,deferred
src/IntegrationTests/DataAccess/DatabaseTests.cs,cs,workspace,review,deferred
src/IntegrationTests/DataAccess/EmployeeQueryHandlerTests.cs,cs,workspace,review,deferred
src/IntegrationTests/DataAccess/Handlers/CreateDatedWorkOrdersHandlerTests.cs,cs,workspace,review,deferred
src/IntegrationTests/DataAccess/Handlers/ForecastQueryHandlerTests.cs,cs,workspace,review,deferred
src/IntegrationTests/DataAccess/Handlers/HealthCheckRemotableRequestHandlerTests.cs,cs,workspace,review,deferred
src/IntegrationTests/DataAccess/Handlers/StateCommandHandlerForAssignTests.cs,cs,workspace,review,deferred
src/IntegrationTests/DataAccess/Handlers/StateCommandHandlerForBeginTests.cs,cs,workspace,review,deferred
src/IntegrationTests/DataAccess/Handlers/StateCommandHandlerForCancelTests.cs,cs,workspace,review,deferred
src/IntegrationTests/DataAccess/Handlers/StateCommandHandlerForCompleteTests.cs,cs,workspace,review,deferred
src/IntegrationTests/DataAccess/Handlers/StateCommandHandlerForSaveTests.cs,cs,workspace,review,deferred
src/IntegrationTests/DataAccess/Handlers/StateCommandHandlerSaveThenAssignPersistenceTests.cs,cs,workspace,review,deferred
src/IntegrationTests/DataAccess/Handlers/TelemetryHandlerTests.cs,cs,workspace,review,deferred
src/IntegrationTests/DataAccess/Handlers/WorkOrderCountByStatusQueryHandlerTests.cs,cs,workspace,review,deferred
src/IntegrationTests/DataAccess/Mappings/EmployeeMappingTests.cs,cs,workspace,review,deferred
src/IntegrationTests/DataAccess/Mappings/RoleMappingTests.cs,cs,workspace,review,deferred
src/IntegrationTests/DataAccess/Mappings/WorkOrderMappingTests.cs,cs,workspace,review,deferred
src/IntegrationTests/DataAccess/SqlLoggingTests.cs,cs,workspace,review,deferred
src/IntegrationTests/DataAccess/WorkOrderAttachmentHandlerTests.cs,cs,workspace,review,deferred
src/IntegrationTests/DataAccess/WorkOrderQueryFiltersTests.cs,cs,workspace,review,deferred
src/IntegrationTests/DataAccess/WorkOrderQueryHandlerTests.cs,cs,workspace,review,deferred
src/IntegrationTests/DataAccess/WorkOrderSpecificationHandlerTests.cs,cs,workspace,review,deferred
src/IntegrationTests/DatabaseEmptier.cs,cs,workspace,review,deferred
src/IntegrationTests/Handlers/TracerBulletReplyHandler.cs,cs,workspace,review,deferred
src/IntegrationTests/IntegratedTestBase.cs,cs,workspace,review,deferred
src/IntegrationTests/LlmGateway/ApplicationChatHandlerTests.cs,cs,workspace,review,deferred
src/IntegrationTests/LlmGateway/CanConnectToLlmServerHealthCheckTests.cs,cs,workspace,review,deferred
src/IntegrationTests/LlmGateway/LlmTestBase.cs,cs,workspace,review,deferred
src/IntegrationTests/LlmGateway/TranslationServiceTests.cs,cs,workspace,review,deferred
src/IntegrationTests/LlmGateway/WorkOrderChatHandlerTests.cs,cs,workspace,review,deferred
src/IntegrationTests/McpServer/McpCreateDatedWorkOrdersToolTests.cs,cs,workspace,review,deferred
src/IntegrationTests/McpServer/McpCreateWorkOrderInstructionsTests.cs,cs,workspace,review,deferred
src/IntegrationTests/McpServer/McpEmployeeToolTests.cs,cs,workspace,review,deferred
src/IntegrationTests/McpServer/McpEndpointResolverTests.cs,cs,workspace,review,deferred
src/IntegrationTests/McpServer/McpLoopbackHttpClientTests.cs,cs,workspace,review,deferred
src/IntegrationTests/McpServer/McpReferenceResourceTests.cs,cs,workspace,review,deferred
src/IntegrationTests/McpServer/McpSaveWorkOrderTests.cs,cs,workspace,review,deferred
src/IntegrationTests/McpServer/McpServerApplicationTests.cs,cs,workspace,review,deferred
src/IntegrationTests/McpServer/McpWorkOrderToolTests.cs,cs,workspace,review,deferred
src/IntegrationTests/McpServer/ToolProviderTests.cs,cs,workspace,review,deferred
src/IntegrationTests/SqlExecuter.cs,cs,workspace,review,deferred
src/IntegrationTests/SqlServerTestAssumptions.cs,cs,workspace,review,deferred
src/IntegrationTests/SqliteDatabaseSetup.cs,cs,workspace,review,deferred
src/IntegrationTests/TestDatabaseConfiguration.cs,cs,workspace,review,deferred
src/IntegrationTests/TestHost.cs,cs,workspace,review,deferred
src/IntegrationTests/TestHostConfigurationTests.cs,cs,workspace,review,deferred
src/IntegrationTests/TestSetup.cs,cs,workspace,review,deferred
src/IntegrationTests/TestSupport/LlmTestAttribute.cs,cs,workspace,review,deferred
src/IntegrationTests/TestSupport/LlmTestAttributeTests.cs,cs,workspace,review,deferred
src/IntegrationTests/TracerBulletSignal.cs,cs,workspace,review,deferred
src/IntegrationTests/UI/Server/ServerApplicationTests.cs,cs,workspace,review,deferred
src/IntegrationTests/Usings.cs,cs,workspace,review,deferred
src/IntegrationTests/Worker/WorkerRemotableBusIntegrationTests.cs,cs,workspace,review,deferred
src/IntegrationTests/ZDataLoader.cs,cs,workspace,review,deferred
src/LlmGateway/ApplicationChatHandler.cs,cs,workspace,review,deferred
src/LlmGateway/CanConnectToLlmServerHealthCheck.cs,cs,workspace,review,deferred
src/LlmGateway/ChatActivityTracing.cs,cs,workspace,review,deferred
src/LlmGateway/ChatClientAvailabilityResult.cs,cs,workspace,review,deferred
src/LlmGateway/ChatClientConfig.cs,cs,workspace,review,deferred
src/LlmGateway/ChatClientConfigQuery.cs,cs,workspace,review,deferred
src/LlmGateway/ChatClientConfigValidator.cs,cs,workspace,review,deferred
src/LlmGateway/ChatClientFactory.cs,cs,workspace,review,deferred
src/LlmGateway/IToolProvider.cs,cs,workspace,review,deferred
src/LlmGateway/InternalsVisibleTo.cs,cs,workspace,review,deferred
src/LlmGateway/LlmHealthCheckCache.cs,cs,workspace,review,deferred
src/LlmGateway/LlmHealthCheckOptions.cs,cs,workspace,review,deferred
src/LlmGateway/LlmHealthEvaluator.cs,cs,workspace,review,deferred
src/LlmGateway/TracingChatClient.cs,cs,workspace,review,deferred
src/LlmGateway/TranslationGuard.cs,cs,workspace,review,deferred
src/LlmGateway/TranslationService.cs,cs,workspace,review,deferred
src/LlmGateway/WorkOrderChatHandler.cs,cs,workspace,review,deferred
src/LlmGateway/WorkOrderChatQuery.cs,cs,workspace,review,deferred
src/LlmGateway/WorkOrderTool.cs,cs,workspace,review,deferred
src/McpServer/DatabaseConfiguration.cs,cs,workspace,review,deferred
src/McpServer/McpEndpointResolver.cs,cs,workspace,review,deferred
src/McpServer/McpLoopbackHttpClient.cs,cs,workspace,review,deferred
src/McpServer/McpServerApplication.cs,cs,workspace,review,deferred
src/McpServer/McpServiceRegistry.cs,cs,workspace,review,deferred
src/McpServer/NullDistributedBus.cs,cs,workspace,review,deferred
src/McpServer/Program.cs,cs,workspace,review,deferred
src/McpServer/Resources/ReferenceResources.cs,cs,workspace,review,deferred
src/McpServer/ToolProvider.cs,cs,workspace,review,deferred
src/McpServer/Tools/DatedWorkOrderScheduling.cs,cs,workspace,review,deferred
src/McpServer/Tools/EmployeeTools.cs,cs,workspace,review,deferred
src/McpServer/Tools/WorkOrderCommandExecutor.cs,cs,workspace,review,deferred
src/McpServer/Tools/WorkOrderTools.cs,cs,workspace,review,deferred
src/UI/Api/ApiRateLimiting.cs,cs,workspace,review,deferred
src/UI/Api/ApiRoutes.cs,cs,workspace,review,deferred
src/UI/Api/ConditionalGetEtag.cs,cs,workspace,review,deferred
src/UI/Api/Controllers/DetailedHealthController.cs,cs,workspace,review,deferred
src/UI/Api/Controllers/DiagnosticController.cs,cs,workspace,review,deferred
src/UI/Api/Controllers/DiagnosticsController.cs,cs,workspace,review,deferred
src/UI/Api/Controllers/EchoController.cs,cs,workspace,review,deferred
src/UI/Api/Controllers/EnvironmentStatusController.cs,cs,workspace,review,deferred
src/UI/Api/Controllers/FeatureFlagsController.cs,cs,workspace,review,deferred
src/UI/Api/Controllers/MetricsController.cs,cs,workspace,review,deferred
src/UI/Api/Controllers/PingController.cs,cs,workspace,review,deferred
src/UI/Api/Controllers/TimeController.cs,cs,workspace,review,deferred
src/UI/Api/Controllers/TimestampConverterController.cs,cs,workspace,review,deferred
src/UI/Api/Controllers/ToolsDueDateCheckController.cs,cs,workspace,review,deferred
src/UI/Api/Controllers/ToolsGuidGeneratorController.cs,cs,workspace,review,deferred
src/UI/Api/Controllers/ToolsHashController.cs,cs,workspace,review,deferred
src/UI/Api/Controllers/ToolsRandomController.cs,cs,workspace,review,deferred
src/UI/Api/Controllers/ToolsWordCountController.cs,cs,workspace,review,deferred
src/UI/Api/Controllers/ToolsWorkOrderStatusesController.cs,cs,workspace,review,deferred
src/UI/Api/Controllers/VersionController.cs,cs,workspace,review,deferred
src/UI/Api/Controllers/WeatherForecastController.cs,cs,workspace,review,deferred
src/UI/Api/Controllers/WhatDoIHaveController.cs,cs,workspace,review,deferred
src/UI/Api/Controllers/WorkOrdersBulkImportController.cs,cs,workspace,review,deferred
src/UI/Api/DetailedHealthModels.cs,cs,workspace,review,deferred
src/UI/Api/DiagnosticsFeatureFlagsOptions.cs,cs,workspace,review,deferred
src/UI/Api/DiagnosticsModels.cs,cs,workspace,review,deferred
src/UI/Api/FeatureFlagsCatalog.cs,cs,workspace,review,deferred
src/UI/Api/HealthCheck.cs,cs,workspace,review,deferred
src/UI/Api/HealthReportBuilder.cs,cs,workspace,review,deferred
src/UI/Api/IDetailedHealthReportProvider.cs,cs,workspace,review,deferred
src/UI/Api/IHttpRequestMetricsCounter.cs,cs,workspace,review,deferred
src/UI/Api/MetricsSummaryBuilder.cs,cs,workspace,review,deferred
src/UI/Api/MetricsSummaryResponse.cs,cs,workspace,review,deferred
src/UI/Api/OutputCachePolicyNames.cs,cs,workspace,review,deferred
src/UI/Api/Pages/Error.cshtml,cshtml,workspace,review,deferred
src/UI/Api/Pages/Error.cshtml.cs,cs,workspace,review,deferred
src/UI/Api/Program.cs,cs,workspace,review,deferred
src/UI/Api/SimpleHealthResponseBuilder.cs,cs,workspace,review,deferred
src/UI/Api/WorkOrderBulkImportModels.cs,cs,workspace,review,deferred
src/UI/Api/WorkOrderBulkImportProcessor.cs,cs,workspace,review,deferred
src/UI/Client/App.razor,razor,workspace,review,deferred
src/UI/Client/HealthChecks/HealthCheckTracer.cs,cs,workspace,review,deferred
src/UI/Client/HealthChecks/RemotableBusHealthCheck.cs,cs,workspace,review,deferred
src/UI/Client/HealthChecks/ServerHealthCheck.cs,cs,workspace,review,deferred
src/UI/Client/HealthChecks/ServerHealthCheckQuery.cs,cs,workspace,review,deferred
src/UI/Client/IPublisherGateway.cs,cs,workspace,review,deferred
src/UI/Client/Pages/ClientHealthCheck.razor,razor,workspace,review,deferred
src/UI/Client/Pages/DetailedClientHealthCheck.razor,razor,workspace,review,deferred
src/UI/Client/Pages/NotFound.razor,razor,workspace,review,deferred
src/UI/Client/Program.cs,cs,workspace,review,deferred
src/UI/Client/PublisherGateway.cs,cs,workspace,review,deferred
src/UI/Client/RemotableBus.cs,cs,workspace,review,deferred
src/UI/Client/UIClientServiceRegistry.cs,cs,workspace,review,deferred
src/UI/Client/UserSession.cs,cs,workspace,review,deferred
src/UI/Client/WasmHostEnvironment.cs,cs,workspace,review,deferred
src/UI/Client/_Imports.razor,razor,workspace,review,deferred
src/UI/Client/wwwroot/css/app.css,css,workspace,review,deferred
src/UI/Client/wwwroot/css/bootstrap/bootstrap.min.css,css,workspace,review,deferred
src/UI/Client/wwwroot/css/open-iconic/font/css/open-iconic-bootstrap.min.css,css,workspace,review,deferred
src/UI/Client/wwwroot/index.html,html,workspace,review,deferred
src/UI/Client/wwwroot/js/chat.js,js,workspace,review,deferred
src/UI/Server/ApiControllerMapping.cs,cs,workspace,review,deferred
src/UI/Server/ApiKeyAuthenticationMiddleware.cs,cs,workspace,review,deferred
src/UI/Server/ApiKeyAuthenticationOptions.cs,cs,workspace,review,deferred
src/UI/Server/ApiRateLimitPartitionResolver.cs,cs,workspace,review,deferred
src/UI/Server/ApiRateLimitingExtensions.cs,cs,workspace,review,deferred
src/UI/Server/ApiRateLimitingOptions.cs,cs,workspace,review,deferred
src/UI/Server/ApiRequestTimeoutOptions.cs,cs,workspace,review,deferred
src/UI/Server/ApiRequestTimeoutsExtensions.cs,cs,workspace,review,deferred
src/UI/Server/AutoReformatAgentService.cs,cs,workspace,review,deferred
src/UI/Server/ChatClientConfigQueryHandler.cs,cs,workspace,review,deferred
src/UI/Server/Controllers/SingleApiController.cs,cs,workspace,review,deferred
src/UI/Server/CorsExtensions.cs,cs,workspace,review,deferred
src/UI/Server/DatabaseConfiguration.cs,cs,workspace,review,deferred
src/UI/Server/DetailedHealthCheckResponseWriter.cs,cs,workspace,review,deferred
src/UI/Server/DetailedHealthReportProvider.cs,cs,workspace,review,deferred
src/UI/Server/Generated/Protos/Workorders.cs,cs,workspace,review,deferred
src/UI/Server/Generated/Protos/WorkordersGrpc.cs,cs,workspace,review,deferred
src/UI/Server/GlobalUsings.cs,cs,workspace,review,deferred
src/UI/Server/Grpc/WorkOrdersGrpcService.cs,cs,workspace,review,deferred
src/UI/Server/Handlers/ServerHealthCheckHandler.cs,cs,workspace,review,deferred
src/UI/Server/HttpRequestMetricsCounter.cs,cs,workspace,review,deferred
src/UI/Server/Is64BitProcessHealthCheck.cs,cs,workspace,review,deferred
src/UI/Server/Middleware/HttpRequestMetricsMiddleware.cs,cs,workspace,review,deferred
src/UI/Server/Middleware/IdempotencyMiddleware.cs,cs,workspace,review,deferred
src/UI/Server/Middleware/IdempotencyOptions.cs,cs,workspace,review,deferred
src/UI/Server/Middleware/IdempotencyResponseCache.cs,cs,workspace,review,deferred
src/UI/Server/Middleware/WebServiceMessageValidationMiddleware.cs,cs,workspace,review,deferred
src/UI/Server/NeedsRebootHealthCheck.cs,cs,workspace,review,deferred
src/UI/Server/Notifications/RealtimeNotificationHub.cs,cs,workspace,review,deferred
src/UI/Server/Notifications/RealtimeNotificationWebSocketMiddleware.cs,cs,workspace,review,deferred
src/UI/Server/Notifications/ServerRealtimeBus.cs,cs,workspace,review,deferred
src/UI/Server/ProblemDetailsExceptionHandler.cs,cs,workspace,review,deferred
src/UI/Server/ProblemDetailsStatusCodePagesExtensions.cs,cs,workspace,review,deferred
src/UI/Server/ProcessThreadCountHealthCheck.cs,cs,workspace,review,deferred
src/UI/Server/Program.cs,cs,workspace,review,deferred
src/UI/Server/Protos/workorders.proto,proto,workspace,review,deferred
src/UI/Server/RateLimiting/RateLimitingMiddleware.cs,cs,workspace,review,deferred
src/UI/Server/RateLimiting/RateLimitingPipeline.cs,cs,workspace,review,deferred
src/UI/Server/RequestBodyBufferingExtensions.cs,cs,workspace,review,deferred
src/UI/Server/RequestBodyBufferingOptions.cs,cs,workspace,review,deferred
src/UI/Server/ServerApplication.cs,cs,workspace,review,deferred
src/UI/Server/ServerCorsOptions.cs,cs,workspace,review,deferred
src/UI/Server/Testing/IdempotencyProbeState.cs,cs,workspace,review,deferred
src/UI/Server/TestingDatabaseStartupFilter.cs,cs,workspace,review,deferred
src/UI/Server/UIServiceRegistry.cs,cs,workspace,review,deferred
src/UI/Server/UiServerWebApplicationMarker.cs,cs,workspace,review,deferred
src/UI/Server/Validation/EmployeeGetAllQueryValidator.cs,cs,workspace,review,deferred
src/UI/Server/Validation/ServerHealthCheckQueryValidator.cs,cs,workspace,review,deferred
src/UI/Server/WebApplicationTestingDatabase.cs,cs,workspace,review,deferred
src/UI/Server/WorkOrderReformatAgent.cs,cs,workspace,review,deferred
src/UI.Shared/ApiHttpContracts.cs,cs,workspace,review,deferred
src/UI.Shared/AppComponentBase.cs,cs,workspace,review,deferred
src/UI.Shared/App_Code/WorkOrderSelectedEvent.cs,cs,workspace,review,deferred
src/UI.Shared/Authentication/CustomAuthenticationStateProvider.cs,cs,workspace,review,deferred
src/UI.Shared/Authentication/IUserSessionStore.cs,cs,workspace,review,deferred
src/UI.Shared/Authentication/LocalStorageUserSessionStore.cs,cs,workspace,review,deferred
src/UI.Shared/Authentication/RedirectToLogin.razor,razor,workspace,review,deferred
src/UI.Shared/Bus.cs,cs,workspace,review,deferred
src/UI.Shared/BusActivityTagger.cs,cs,workspace,review,deferred
src/UI.Shared/Components/HealthCheckLink.razor,razor,workspace,review,deferred
src/UI.Shared/Components/LastWorkOrder.razor,razor,workspace,review,deferred
src/UI.Shared/Components/LoginLink.razor,razor,workspace,review,deferred
src/UI.Shared/Components/LoginLink.razor.css,css,workspace,review,deferred
src/UI.Shared/Components/Logout.razor,razor,workspace,review,deferred
src/UI.Shared/Components/MyWorkOrders.razor,razor,workspace,review,deferred
src/UI.Shared/Components/WorkOrderChat.razor,razor,workspace,review,deferred
src/UI.Shared/FunJeffreyCustomEventHealthCheck.cs,cs,workspace,review,deferred
src/UI.Shared/IdempotencyConstants.cs,cs,workspace,review,deferred
src/UI.Shared/InternalsVisibleTo.cs,cs,workspace,review,deferred
src/UI.Shared/LoginDisplayNameFormatter.cs,cs,workspace,review,deferred
src/UI.Shared/MainLayout.razor,razor,workspace,review,deferred
src/UI.Shared/MainLayout.razor.cs,cs,workspace,review,deferred
src/UI.Shared/MainLayout.razor.css,css,workspace,review,deferred
src/UI.Shared/Models/EditMode.cs,cs,workspace,review,deferred
src/UI.Shared/Models/UserLoggedInEvent.cs,cs,workspace,review,deferred
src/UI.Shared/Models/UserLoggedOutEvent.cs,cs,workspace,review,deferred
src/UI.Shared/Models/WorkOrderManageModel.cs,cs,workspace,review,deferred
src/UI.Shared/Models/WorkOrderSearchModel.cs,cs,workspace,review,deferred
src/UI.Shared/NavMenu.Razor.cs,cs,workspace,review,deferred
src/UI.Shared/NavMenu.razor,razor,workspace,review,deferred
src/UI.Shared/NavMenu.razor.css,css,workspace,review,deferred
src/UI.Shared/NavRailCss.cs,cs,workspace,review,deferred
src/UI.Shared/Pages/ApplicationChat.razor,razor,workspace,review,deferred
src/UI.Shared/Pages/ApplicationChat.razor.css,css,workspace,review,deferred
src/UI.Shared/Pages/Counter.razor,razor,workspace,review,deferred
src/UI.Shared/Pages/Counter.razor.css,css,workspace,review,deferred
src/UI.Shared/Pages/FetchData.razor,razor,workspace,review,deferred
src/UI.Shared/Pages/FetchData.razor.cs,cs,workspace,review,deferred
src/UI.Shared/Pages/FetchData.razor.css,css,workspace,review,deferred
src/UI.Shared/Pages/Index.razor,razor,workspace,review,deferred
src/UI.Shared/Pages/Index.razor.cs,cs,workspace,review,deferred
src/UI.Shared/Pages/Index.razor.css,css,workspace,review,deferred
src/UI.Shared/Pages/Login.razor,razor,workspace,review,deferred
src/UI.Shared/Pages/Login.razor.cs,cs,workspace,review,deferred
src/UI.Shared/Pages/Login.razor.css,css,workspace,review,deferred
src/UI.Shared/Pages/SelectListItem.cs,cs,workspace,review,deferred
src/UI.Shared/Pages/Settings.razor,razor,workspace,review,deferred
src/UI.Shared/Pages/Settings.razor.cs,cs,workspace,review,deferred
src/UI.Shared/Pages/Settings.razor.css,css,workspace,review,deferred
src/UI.Shared/Pages/WorkOrderManage.razor,razor,workspace,review,deferred
src/UI.Shared/Pages/WorkOrderManage.razor.cs,cs,workspace,review,deferred
src/UI.Shared/Pages/WorkOrderManage.razor.css,css,workspace,review,deferred
src/UI.Shared/Pages/WorkOrderSearch.razor,razor,workspace,review,deferred
src/UI.Shared/Pages/WorkOrderSearch.razor.cs,cs,workspace,review,deferred
src/UI.Shared/Pages/WorkOrderSearch.razor.css,css,workspace,review,deferred
src/UI.Shared/Pages/WorkOrderSpeechHelper.cs,cs,workspace,review,deferred
src/UI.Shared/Services/ThemePreferenceService.cs,cs,workspace,review,deferred
src/UI.Shared/Services/WorkOrderSearchState.cs,cs,workspace,review,deferred
src/UI.Shared/_Imports.razor,razor,workspace,review,deferred
src/UI.Shared/wwwroot/js/mainLayoutNav.js,js,workspace,review,deferred
src/UI.Shared/wwwroot/js/theme.js,js,workspace,review,deferred
src/UnitTests/Api/ApiRateLimitingWebTests.cs,cs,workspace,review,deferred
src/UnitTests/Api/ConditionalGetEtagTests.cs,cs,workspace,review,deferred
src/UnitTests/Api/CorsEnabledApiWebApplicationFactory.cs,cs,workspace,review,deferred
src/UnitTests/Api/CorsWebTests.cs,cs,workspace,review,deferred
src/UnitTests/Api/IdempotencyMiddlewareWebTests.cs,cs,workspace,review,deferred
src/UnitTests/Api/RateLimitedApiWebApplicationFactory.cs,cs,workspace,review,deferred
src/UnitTests/Api/RateLimitingPartitionKeyTests.cs,cs,workspace,review,deferred
src/UnitTests/Api/TunableApiRateLimitWebApplicationFactory.cs,cs,workspace,review,deferred
src/UnitTests/Api/WebServiceMessageValidationMiddlewareWebTests.cs,cs,workspace,review,deferred
src/UnitTests/Api/WebServiceMessageValidationWebApplicationFactory.cs,cs,workspace,review,deferred
src/UnitTests/BogusOverrides.cs,cs,workspace,review,deferred
src/UnitTests/BuildGates/AcceptanceTestsGateDecouplingTests.cs,cs,workspace,review,deferred
src/UnitTests/BuildGates/CompilerWarningGateTests.cs,cs,workspace,review,deferred
src/UnitTests/BuildGates/CoreCoberturaPresence.cs,cs,workspace,review,deferred
src/UnitTests/BuildGates/CoreCoberturaPresenceTests.cs,cs,workspace,review,deferred
src/UnitTests/BuildGates/CrapGateEvaluator.cs,cs,workspace,review,deferred
src/UnitTests/BuildGates/CrapGateEvaluatorTests.cs,cs,workspace,review,deferred
src/UnitTests/BuildGates/CrapGateThreshold.cs,cs,workspace,review,deferred
src/UnitTests/BuildGates/CrapGateThresholdTests.cs,cs,workspace,review,deferred
src/UnitTests/BuildGates/CrapMetricsArtifactWorkflowTests.cs,cs,workspace,review,deferred
src/UnitTests/BuildGates/CrapProductionScope.cs,cs,workspace,review,deferred
src/UnitTests/BuildGates/CrapProductionScopeTests.cs,cs,workspace,review,deferred
src/UnitTests/BuildGates/DeployWorkflowContainerAppUrlTests.cs,cs,workspace,review,deferred
src/UnitTests/BuildGates/EnvironmentsDocPresenceTests.cs,cs,workspace,review,deferred
src/UnitTests/BuildGates/QodanaTestScopeGateTests.cs,cs,workspace,review,deferred
src/UnitTests/BuildGates/StabilityKDocPresenceTests.cs,cs,workspace,review,deferred
src/UnitTests/BuildGates/WalkthroughGDocPresenceTests.cs,cs,workspace,review,deferred
src/UnitTests/Core/Handlers/WorkOrderCountByStatusQueryHandlerTests.cs,cs,workspace,review,deferred
src/UnitTests/Core/Import/WorkOrderBulkImportCsvParserTests.cs,cs,workspace,review,deferred
src/UnitTests/Core/Model/EmployeeTests.cs,cs,workspace,review,deferred
src/UnitTests/Core/Model/EntityBaseTests.cs,cs,workspace,review,deferred
src/UnitTests/Core/Model/RoleTests.cs,cs,workspace,review,deferred
src/UnitTests/Core/Model/StateCommands/AddAttachmentMetadataCommandTests.cs,cs,workspace,review,deferred
src/UnitTests/Core/Model/StateCommands/AssignedToCancelledCommandTests.cs,cs,workspace,review,deferred
src/UnitTests/Core/Model/StateCommands/AssignedToInProgressCommandTests.cs,cs,workspace,review,deferred
src/UnitTests/Core/Model/StateCommands/DraftToAssignedCommandTests.cs,cs,workspace,review,deferred
src/UnitTests/Core/Model/StateCommands/InProgressToAssignCommandTests.cs,cs,workspace,review,deferred
src/UnitTests/Core/Model/StateCommands/InProgressToCompleteCommandTests.cs,cs,workspace,review,deferred
src/UnitTests/Core/Model/StateCommands/SaveDraftCommandTests.cs,cs,workspace,review,deferred
src/UnitTests/Core/Model/StateCommands/StateCommandBaseTests.cs,cs,workspace,review,deferred
src/UnitTests/Core/Model/WorkOrderAttachmentTests.cs,cs,workspace,review,deferred
src/UnitTests/Core/Model/WorkOrderStatusTests.cs,cs,workspace,review,deferred
src/UnitTests/Core/Model/WorkOrderTests.cs,cs,workspace,review,deferred
src/UnitTests/Core/Queries/RemotableRequestTests.cs,cs,workspace,review,deferred
src/UnitTests/Core/Services/DueDateUrgencyCalculatorTests.cs,cs,workspace,review,deferred
src/UnitTests/Core/Services/StateCommandListTests.cs,cs,workspace,review,deferred
src/UnitTests/Core/Services/WorkOrderBuilderTests.cs,cs,workspace,review,deferred
src/UnitTests/Core/Services/WorkOrderNumberGeneratorTests.cs,cs,workspace,review,deferred
src/UnitTests/Core/Validation/CreateDatedWorkOrdersCommandValidatorTests.cs,cs,workspace,review,deferred
src/UnitTests/Core/Validation/EmployeeByUserNameQueryValidatorTests.cs,cs,workspace,review,deferred
src/UnitTests/Core/Validation/HealthCheckRemotableRequestValidatorTests.cs,cs,workspace,review,deferred
src/UnitTests/Core/Validation/RemotableRequestValidatorCoverageTests.cs,cs,workspace,review,deferred
src/UnitTests/Core/Validation/WorkOrderAttachmentsQueryValidatorTests.cs,cs,workspace,review,deferred
src/UnitTests/Core/Validation/WorkOrderCountByStatusQueryValidatorTests.cs,cs,workspace,review,deferred
src/UnitTests/Database/DatabaseConsoleTests.cs,cs,workspace,review,deferred
src/UnitTests/Database/DatabaseUpgradeLoggingTests.cs,cs,workspace,review,deferred
src/UnitTests/LlmGateway/ApplicationChatHandlerTests.cs,cs,workspace,review,deferred
src/UnitTests/LlmGateway/CanConnectToLlmServerHealthCheckTests.cs,cs,workspace,review,deferred
src/UnitTests/LlmGateway/ChatActivityTracingTests.cs,cs,workspace,review,deferred
src/UnitTests/LlmGateway/LlmGatewayHelperTests.cs,cs,workspace,review,deferred
src/UnitTests/LlmGateway/TracingChatClientTests.cs,cs,workspace,review,deferred
src/UnitTests/LlmGateway/TranslationServiceTests.cs,cs,workspace,review,deferred
src/UnitTests/LlmGateway/WorkOrderChatHandlerTests.cs,cs,workspace,review,deferred
src/UnitTests/LlmGateway/WorkOrderToolTests.cs,cs,workspace,review,deferred
src/UnitTests/Logging/SerilogJsonFormattingTests.cs,cs,workspace,review,deferred
src/UnitTests/McpServer/NullDistributedBusTests.cs,cs,workspace,review,deferred
src/UnitTests/ObjectMother.cs,cs,workspace,review,deferred
src/UnitTests/ServiceDefaults/LocalTelemetryLoggerProviderTests.cs,cs,workspace,review,deferred
src/UnitTests/ServiceDefaults/LogEntryErrorTests.cs,cs,workspace,review,deferred
src/UnitTests/ServiceDefaults/NamespaceAlignmentTests.cs,cs,workspace,review,deferred
src/UnitTests/ServiceDefaults/SerilogRegistrationTests.cs,cs,workspace,review,deferred
src/UnitTests/ServiceDefaults/ServiceDefaultsTelemetryTests.cs,cs,workspace,review,deferred
src/UnitTests/UI/Api/DetailedHealthEtagFingerprintTests.cs,cs,workspace,review,deferred
src/UnitTests/UI/Api/HealthReportBuilderTests.cs,cs,workspace,review,deferred
src/UnitTests/UI/Api/SimpleHealthResponseBuilderTests.cs,cs,workspace,review,deferred
src/UnitTests/UI/Server/ChatClientConfigQueryHandlerTests.cs,cs,workspace,review,deferred
src/UnitTests/UI/Server/DetailedHealthCheckResponseWriterTests.cs,cs,workspace,review,deferred
src/UnitTests/UI/Server/DetailedHealthReportProviderTests.cs,cs,workspace,review,deferred
src/UnitTests/UI/Server/NeedsRebootHealthCheckTests.cs,cs,workspace,review,deferred
src/UnitTests/UI/Server/ProcessThreadCountHealthCheckTests.cs,cs,workspace,review,deferred
src/UnitTests/UI.Api/DetailedHealthControllerTests.cs,cs,workspace,review,deferred
src/UnitTests/UI.Api/DiagnosticsControllerTests.cs,cs,workspace,review,deferred
src/UnitTests/UI.Api/EchoControllerTests.cs,cs,workspace,review,deferred
src/UnitTests/UI.Api/EnvironmentStatusControllerTests.cs,cs,workspace,review,deferred
src/UnitTests/UI.Api/ErrorModelTests.cs,cs,workspace,review,deferred
src/UnitTests/UI.Api/ErrorPageStaticAssetsTests.cs,cs,workspace,review,deferred
src/UnitTests/UI.Api/FeatureFlagsControllerTests.cs,cs,workspace,review,deferred
src/UnitTests/UI.Api/HttpRequestMetricsCounterTests.cs,cs,workspace,review,deferred
src/UnitTests/UI.Api/MetricsControllerTests.cs,cs,workspace,review,deferred
src/UnitTests/UI.Api/MetricsSummaryBuilderTests.cs,cs,workspace,review,deferred
src/UnitTests/UI.Api/PingControllerTests.cs,cs,workspace,review,deferred
src/UnitTests/UI.Api/TimeControllerTests.cs,cs,workspace,review,deferred
src/UnitTests/UI.Api/TimestampConverterControllerTests.cs,cs,workspace,review,deferred
src/UnitTests/UI.Api/ToolsDueDateCheckControllerTests.cs,cs,workspace,review,deferred
src/UnitTests/UI.Api/ToolsGuidGeneratorControllerTests.cs,cs,workspace,review,deferred
src/UnitTests/UI.Api/ToolsHashControllerTests.cs,cs,workspace,review,deferred
src/UnitTests/UI.Api/ToolsRandomControllerTests.cs,cs,workspace,review,deferred
src/UnitTests/UI.Api/ToolsWordCountControllerTests.cs,cs,workspace,review,deferred
src/UnitTests/UI.Api/ToolsWorkOrderStatusesControllerTests.cs,cs,workspace,review,deferred
src/UnitTests/UI.Api/VersionControllerTests.cs,cs,workspace,review,deferred
src/UnitTests/UI.Api/WeatherForecastControllerTests.cs,cs,workspace,review,deferred
src/UnitTests/UI.Api/WhatDoIHaveControllerTests.cs,cs,workspace,review,deferred
src/UnitTests/UI.Api/WorkOrdersBulkImportControllerTests.cs,cs,workspace,review,deferred
src/UnitTests/UI.Client/Authentication/CustomAuthenticationStateProviderTests.cs,cs,workspace,review,deferred
src/UnitTests/UI.Client/Authentication/LocalStorageUserSessionStoreTests.cs,cs,workspace,review,deferred
src/UnitTests/UI.Client/Authentication/StubUserSessionStore.cs,cs,workspace,review,deferred
src/UnitTests/UI.Client/ClientHealthCheckPageTests.cs,cs,workspace,review,deferred
src/UnitTests/UI.Client/ClientHealthCheckTests.cs,cs,workspace,review,deferred
src/UnitTests/UI.Client/IndexHtmlThemeScriptTests.cs,cs,workspace,review,deferred
src/UnitTests/UI.Client/PublisherGatewayTests.cs,cs,workspace,review,deferred
src/UnitTests/UI.Client/RemotableBusTests.cs,cs,workspace,review,deferred
src/UnitTests/UI.Client/UserSessionTests.cs,cs,workspace,review,deferred
src/UnitTests/UI.Server/ApiKeyAuthenticationMiddlewarePublicPathTests.cs,cs,workspace,review,deferred
src/UnitTests/UI.Server/ApiKeyAuthenticationMiddlewareTests.cs,cs,workspace,review,deferred
src/UnitTests/UI.Server/ApiKeyAuthenticationWebTests.cs,cs,workspace,review,deferred
src/UnitTests/UI.Server/ApiKeyProtectedWebApplicationFactory.cs,cs,workspace,review,deferred
src/UnitTests/UI.Server/ApiResponseCompressionWebTests.cs,cs,workspace,review,deferred
src/UnitTests/UI.Server/ApiVersioningEndpointTests.cs,cs,workspace,review,deferred
src/UnitTests/UI.Server/ApiVersioningRoutingWebApplicationFactory.cs,cs,workspace,review,deferred
src/UnitTests/UI.Server/AutoReformatAgentServiceTests.cs,cs,workspace,review,deferred
src/UnitTests/UI.Server/BusTests.cs,cs,workspace,review,deferred
src/UnitTests/UI.Server/CorrelationIdMiddlewareWebTests.cs,cs,workspace,review,deferred
src/UnitTests/UI.Server/DatabaseConfigurationTests.cs,cs,workspace,review,deferred
src/UnitTests/UI.Server/EtagConditionalGetWebTests.cs,cs,workspace,review,deferred
src/UnitTests/UI.Server/IdempotencyMiddlewareTests.cs,cs,workspace,review,deferred
src/UnitTests/UI.Server/OutputCacheEndpointTests.cs,cs,workspace,review,deferred
src/UnitTests/UI.Server/ProblemDetailsExceptionHandlerTests.cs,cs,workspace,review,deferred
src/UnitTests/UI.Server/ProblemDetailsStatusCodePagesExtensionsTests.cs,cs,workspace,review,deferred
src/UnitTests/UI.Server/ProblemDetailsWebTests.cs,cs,workspace,review,deferred
src/UnitTests/UI.Server/RateLimitingMiddlewareTests.cs,cs,workspace,review,deferred
src/UnitTests/UI.Server/RealtimeNotificationHubTests.cs,cs,workspace,review,deferred
src/UnitTests/UI.Server/RealtimeNotificationWebSocketMiddlewareTests.cs,cs,workspace,review,deferred
src/UnitTests/UI.Server/RequestBodyBufferingDisabledWebApplicationFactory.cs,cs,workspace,review,deferred
src/UnitTests/UI.Server/RequestBodyBufferingExtensionsTests.cs,cs,workspace,review,deferred
src/UnitTests/UI.Server/RequestBodyBufferingWebTests.cs,cs,workspace,review,deferred
src/UnitTests/UI.Server/RequestDecompressionWebTests.cs,cs,workspace,review,deferred
src/UnitTests/UI.Server/RequestTimeoutApiWebTests.cs,cs,workspace,review,deferred
src/UnitTests/UI.Server/ServerHealthCheckHandlerTests.cs,cs,workspace,review,deferred
src/UnitTests/UI.Server/ServerRealtimeBusTests.cs,cs,workspace,review,deferred
src/UnitTests/UI.Server/SingleApiControllerTests.cs,cs,workspace,review,deferred
src/UnitTests/UI.Server/Validation/ServerHealthCheckQueryValidatorTests.cs,cs,workspace,review,deferred
src/UnitTests/UI.Server/WebServiceMessageValidationMiddlewareTests.cs,cs,workspace,review,deferred
src/UnitTests/UI.Server/WorkOrderReformatAgentTests.cs,cs,workspace,review,deferred
src/UnitTests/UI.Server/WorkOrdersGrpcServiceMappingTests.cs,cs,workspace,review,deferred
src/UnitTests/UI.Shared/Components/LoginLinkBlinkStyleTests.cs,cs,workspace,review,deferred
src/UnitTests/UI.Shared/Components/LogoutTests.cs,cs,workspace,review,deferred
src/UnitTests/UI.Shared/Components/MyWorkOrdersTests.cs,cs,workspace,review,deferred
src/UnitTests/UI.Shared/LoginDisplayNameFormatterTests.cs,cs,workspace,review,deferred
src/UnitTests/UI.Shared/MainLayoutTests.cs,cs,workspace,review,deferred
src/UnitTests/UI.Shared/Models/WorkOrderManageModelInstructionsTests.cs,cs,workspace,review,deferred
src/UnitTests/UI.Shared/Models/WorkOrderManageModelRoomNumberTests.cs,cs,workspace,review,deferred
src/UnitTests/UI.Shared/NavRailCssTests.cs,cs,workspace,review,deferred
src/UnitTests/UI.Shared/Pages/ApplicationChatTests.cs,cs,workspace,review,deferred
src/UnitTests/UI.Shared/Pages/FetchDataTests.cs,cs,workspace,review,deferred
src/UnitTests/UI.Shared/Pages/IndexPageTests.cs,cs,workspace,review,deferred
src/UnitTests/UI.Shared/Pages/LoginPageTests.cs,cs,workspace,review,deferred
src/UnitTests/UI.Shared/Pages/SettingsTests.cs,cs,workspace,review,deferred
src/UnitTests/UI.Shared/Pages/StubBus.cs,cs,workspace,review,deferred
src/UnitTests/UI.Shared/Pages/StubUiBus.cs,cs,workspace,review,deferred
src/UnitTests/UI.Shared/Pages/WorkOrderDueDateStyleTests.cs,cs,workspace,review,deferred
src/UnitTests/UI.Shared/Pages/WorkOrderManageAttachmentsTests.cs,cs,workspace,review,deferred
src/UnitTests/UI.Shared/Pages/WorkOrderManageDescriptionCharCountTests.cs,cs,workspace,review,deferred
src/UnitTests/UI.Shared/Pages/WorkOrderManageDictationTests.cs,cs,workspace,review,deferred
src/UnitTests/UI.Shared/Pages/WorkOrderManageEventBusNotifyTests.cs,cs,workspace,review,deferred
src/UnitTests/UI.Shared/Pages/WorkOrderManageInstructionsFieldTests.cs,cs,workspace,review,deferred
src/UnitTests/UI.Shared/Pages/WorkOrderManageRoomFieldTests.cs,cs,workspace,review,deferred
src/UnitTests/UI.Shared/Pages/WorkOrderManageSpeechTests.cs,cs,workspace,review,deferred
src/UnitTests/UI.Shared/Pages/WorkOrderManageSubmitTests.cs,cs,workspace,review,deferred
src/UnitTests/UI.Shared/Pages/WorkOrderSearchTests.cs,cs,workspace,review,deferred
src/UnitTests/UI.Shared/Pages/WorkOrderSpeechHelperTests.cs,cs,workspace,review,deferred
src/UnitTests/UI.Shared/Services/ThemePreferenceServiceTests.cs,cs,workspace,review,deferred
src/UnitTests/UI.Shared/UiSharedHelperTests.cs,cs,workspace,review,deferred
src/UnitTests/Usings.cs,cs,workspace,review,deferred
src/UnitTests/Worker/AiBotWorkOrderSagaTests.cs,cs,workspace,review,deferred
src/UnitTests/Worker/StubMessageHandlerContext.cs,cs,workspace,review,deferred
src/UnitTests/Worker/StubMessageHandlerContextTests.cs,cs,workspace,review,deferred
src/UnitTests/Worker/WorkOrderEndpointTests.cs,cs,workspace,review,deferred
src/UnitTests/Worker/WorkerHandlerTests.cs,cs,workspace,review,deferred
src/UnitTests/Worker/WorkerRemotableBusTests.cs,cs,workspace,review,deferred
src/Worker/Handlers/AiBotHandler.cs,cs,workspace,review,deferred
src/Worker/Handlers/EventHandler.cs,cs,workspace,review,deferred
src/Worker/Handlers/TracerBulletHandler.cs,cs,workspace,review,deferred
src/Worker/Messaging/RemotableBus.cs,cs,workspace,review,deferred
src/Worker/Program.cs,cs,workspace,review,deferred
src/Worker/Sagas/AiBotWorkerOrder/AiBotWorkOrderSaga.cs,cs,workspace,review,deferred
src/Worker/Sagas/AiBotWorkerOrder/AiBotWorkOrderSagaState.cs,cs,workspace,review,deferred
src/Worker/Sagas/AiBotWorkerOrder/Commands/StartAiBotWorkOrderSagaCommand.cs,cs,workspace,review,deferred
src/Worker/Sagas/AiBotWorkerOrder/Events/AiBotCompletedWorkOrderEvent.cs,cs,workspace,review,deferred
src/Worker/Sagas/AiBotWorkerOrder/Events/AiBotStartedWorkOrderEvent.cs,cs,workspace,review,deferred
src/Worker/Sagas/AiBotWorkerOrder/Events/AiBotUpdatedWorkerOrderEvent.cs,cs,workspace,review,deferred
src/Worker/WorkOrderEndpoint.cs,cs,workspace,review,deferred
src/src/IntegrationTests/LlmGateway/CanConnectToLlmServerHealthCheckTests.cs,cs,workspace,review,deferred
